harsh@gmail.com,$2b$12$TSwT/YJKM9E6FFOceVflNe77.u7LmUpuHoqwAmrL6wkxpAolNlW8S,What is your favorite color?,$2b$12$5Asen7g6qEwU01qzSFAt9e1fpSWwNv.ku74T6m2pO8pFtEO0qYP4O
harsh@gmail.com,$2b$12$JanKoY0fhDhCyvd4X2ixJuWdhvt3YLSVXQg7/NpXRuVxDgyXDMWrq,What is your favorite color?,$2b$12$/PCFU/dt4Ju3sat3/o7Jk.p1JwQ3TQiYCVJWtR/P3dTUNlkHYr.Bm
harsh@gmail.com,$2b$12$xwQEaX0NeOI5.vI/9rp1aO7tERJ9u.0UE/SVlmcySUMzNBaY82PJa,What is your favorite color?,$2b$12$tCWFZwByZVem57bcsoB3MecOQ/9CoJDjTf4ABbfcVbRVvFpHwopta
harsh@gmail.com,$2b$12$BL5W9q4LisZgiTdpR5potOxhENNq9CbUoMek8w2bMoUCcBkx4Aque,What is your favorite color?,$2b$12$cWvKBcLQwrZtTB50PAU3fO/LXlNnVght3mlWGbEVihtTQgCUMiTvi
harsh@gmail.com,$2b$12$2JBFQ5fBp4qVuTqJRvedEePZsbysfrKtcuMriR.YhTHWBlY429MV2,What is your favorite color?,$2b$12$RCj7s0Ud7RLxe/vob4FXduPqEl7cDNGqKol2ZIbnzIZyFocgRXZEO
harsh@gmail.com,$2b$12$Qs18aUyM.iNW8uYOATspK.2lTQjzrq8vbJh9WOtiK5qNbERYkNumO,What is your favorite color?,$2b$12$6CdfX.2DAGzzjmMw34BN2OHHAQSOMldrBkYh6d0kHTwUAPr5M/w5a
asha@gmail.com,$2b$12$SWmCcseswpzGzThd1.tM/uDnjftRxxus4pWjVFkVrWD4fyZPPe.xy,What is your favorite color?,$2b$12$n4RXiIaFIB34aNky/tSedOOfhR5oZbLm2lK9N0fkJFWC7bE/SqJQS
harsh@gmail.com,$2b$12$NqUhSMdGKb7Jyz8Y1ykY3e/UpXWeJeLQkl2ZmaRkNxR6VBv6iPXKC,What is your favorite color?,$2b$12$Gnm2qf870eFPLu24X2yCk.7812qVobsiOrsg6MVU6FkRJFtR6K4ku
harsh@gmail.com,$2b$12$IBTcPOwSab2H3altuuAlAOWJSIQD6Z4kUOhQsmkkZzTHNiwXrwHQK,What is your favorite color?,$2b$12$HUaC3JZrdZaEupZI3d683ukgbtz3dG.NoyQVCtX5khtFXKq8jO84i
harsh@gmail.com,$2b$12$UcL0Ceufd9T4qWXlvV6QHew8qKz33c8aJooHMP/I8LykNLPez465K,What is your favorite color?,$2b$12$iymtIfD0fTOaTQsRLEhBZuOlyi6gWM7fkJSqGPb6ufGIKuwQHU0tm
hello@gmail.com,$2b$12$nA/q5J1HlruWnqKVZE57KO.q8T0SPzzHHivHxSaMoi8NJSuVi5Pp6,What is your favorite color?,$2b$12$GUflR.hA91AkQwxKwxoHyu6PvyNE6RdYloXwWBA6AX5/aWr48WuLq
lpu@gmail.com,$2b$12$JnMmNzyhg/m4/UrWKMzcA.3HoI44ixt18kRDOoBEE/UnpR2FE3v0e,What is your favorite color?,$2b$12$w7vQ.wik2yM7ppxhYuWhbeA5YnQnb8UxX9u6sJdZfMCn/N.wNdC2O
